index,axis-0,axis-1,axis-2
0.0,81.00068590953539,60.88031398295549,48.393922413962045
1.0,64.51157725486304,73.63816950472864,39.925563022444564
