index,axis-0,axis-1,axis-2
0.0,85.2258490952151,74.29675647711606,52.42823091435111
