index,axis-0,axis-1,axis-2
0.0,77.98467729987594,87.65348353743306,102.18606055590331
